{
    "model": "affine",
    "frame": {
        "originX": 1.5250000000000001,
        "originZ": 1.5000000000000009,
        "scale": 15.0
    },
    "easting": {
        "a": 0.0,
        "b": 0.0,
        "c": 0.0,
        "d": -1.1001169343226456,
        "e": 0.008912215135650658,
        "f": 26.99099758704845
    },
    "northing": {
        "a": 0.0,
        "b": 0.0,
        "c": 0.0,
        "d": -0.0021041806477594548,
        "e": 0.4292717843415996,
        "f": 66.58958360793493
    },
    "tiles": [
        {
            "cx": 31.53,
            "cz": 16.51,
            "half": 15.0
        },
        {
            "cx": 1.52,
            "cz": 16.51,
            "half": 15.0
        },
        {
            "cx": 1.53,
            "cz": -13.51,
            "half": 15.0
        },
        {
            "cx": -28.48,
            "cz": -13.51,
            "half": 15.0
        }
    ],
    "margin": 0.0
}