{
    "easting": {
        "scale": -0.19568040658834632,
        "offset": 11.237169069045335
    },
    "northing": {
        "scale": 0.11786516131688815,
        "offset": 52.83919439144958
    },
    "bounds": {
        "NorthEast": [
            11.694813878644204,
            8.251215209027748
        ],
        "SouthWest": [
            -11.67479772544584,
            -8.24287533739376
        ]
    }
}