{
    "easting": {
        "a": 0.002951036601420156,
        "b": 0.00031762790360456326,
        "c": -0.018096935951767746,
        "d": -1.2328951322822277,
        "e": -0.051313630625919614,
        "f": 7.676265890850819
    },
    "northing": {
        "a": -0.010215685602318116,
        "b": -0.0013258827895185575,
        "c": -0.0007702598613698702,
        "d": -0.019173879490573073,
        "e": 0.725158750287639,
        "f": 53.22488014812449
    },
    "bounds": {
        "NorthEast": [
            5.834579050272639,
            8.041916525748602
        ],
        "SouthWest": [
            -5.844135041457338,
            -8.051994144831053
        ]
    }
}