{
    "easting": {
        "a": -0.0006562330480985223,
        "b": 0.003310710181254681,
        "c": -0.004699195761366246,
        "d": -4.296565570522366,
        "e": -0.002670130183662777,
        "f": -11.611159422125336
    },
    "northing": {
        "a": -0.0016782072271266176,
        "b": -0.07449544644954223,
        "c": -0.005293305726405604,
        "d": -0.017776209638371065,
        "e": 2.1205331224821222,
        "f": 60.25822059689184
    },
    "bounds": {
        "NorthEast": [
            14.400306616666668,
            8.298924999999997
        ],
        "SouthWest": [
            -14.538596383333333,
            -8.169424999999997
        ]
    }
}